,e,e_µ,e_std,e_size,h,h_µ,h_std,h_size,t-value,p-value,e_normal,h_normal,chi-squared test,Dh_size,De_size,#h,#e,segmentation,pivot,test,p-value (FDR)
20,2019-05-12 00:00:00-2019-12-29 00:00:00,16.89,43.9,3919,2018-07-29 00:00:00-2018-08-19 00:00:00,32.32,70.38,711,-1.2262918511869179,0.23303577620956206,False,False,9.118725767208523e-07,160139,71070,12,9,Trend,Promotion,mean,0.9935710975930939
0,2019-03-03 00:00:00-2019-04-21 00:00:00,16.04,40.3,802,2017-03-05 00:00:00-2018-12-16 00:00:00,18.06,47.91,11775,1.200991639056411,0.2352247066589319,False,False,2.8249061182948647e-18,160139,71070,12,9,Trend,Promotion,mean,0.9935710975930939
16,2019-05-12 00:00:00-2019-12-29 00:00:00,16.89,43.9,3919,2017-11-12 00:00:00-2017-12-10 00:00:00,21.66,48.92,628,-1.1894623734296392,0.24350345249895117,False,False,2.8024527008808696e-06,160139,71070,12,9,Trend,Promotion,mean,0.9935710975930939
60,2019-07-28 00:00:00-2019-08-18 00:00:00,25.14,54.85,553,2017-03-05 00:00:00-2018-12-16 00:00:00,18.06,47.91,11775,1.1890860862379542,0.24742412365557087,False,False,5.023186686915385e-20,160139,71070,12,9,Trend,Promotion,mean,0.9935710975930939
22,2019-05-12 00:00:00-2019-12-29 00:00:00,16.89,43.9,3919,2018-10-07 00:00:00-2018-10-21 00:00:00,22.8,47.36,342,-1.1571848129761286,0.2660306846839427,False,False,2.729729861119641e-07,160139,71070,12,9,Trend,Promotion,mean,0.9935710975930939
18,2019-05-12 00:00:00-2019-12-29 00:00:00,16.89,43.9,3919,2018-06-03 00:00:00-2018-06-17 00:00:00,25.07,52.2,376,-1.1238919794582471,0.27940346537119365,False,False,2.729729861119641e-07,160139,71070,12,9,Trend,Promotion,mean,0.9935710975930939
19,2019-05-12 00:00:00-2019-12-29 00:00:00,16.89,43.9,3919,2018-07-08 00:00:00-2018-07-22 00:00:00,44.87,93.42,673,-1.1193411538503477,0.28126885198844376,False,False,2.729729861119641e-07,160139,71070,12,9,Trend,Promotion,mean,0.9935710975930939
21,2019-05-12 00:00:00-2019-12-29 00:00:00,16.89,43.9,3919,2018-09-16 00:00:00-2018-09-30 00:00:00,26.13,54.48,392,-1.1078105349230096,0.2860417851850109,False,False,2.729729861119641e-07,160139,71070,12,9,Trend,Promotion,mean,0.9935710975930939
36,2019-04-07 00:00:00-2019-04-28 00:00:00,21.36,46.94,470,2017-03-05 00:00:00-2018-12-16 00:00:00,18.06,47.91,11775,1.091072415322189,0.2873233468362194,False,False,5.023186686915385e-20,160139,71070,12,9,Trend,Promotion,mean,0.9935710975930939
14,2019-05-12 00:00:00-2019-12-29 00:00:00,16.89,43.9,3919,2017-07-09 00:00:00-2017-07-23 00:00:00,34.4,72.0,516,-1.0937371109132092,0.29195689285886617,False,False,2.729729861119641e-07,160139,71070,12,9,Trend,Promotion,mean,0.9935710975930939
17,2019-05-12 00:00:00-2019-12-29 00:00:00,16.89,43.9,3919,2018-03-18 00:00:00-2018-04-01 00:00:00,21.8,45.57,327,-1.0935289021140164,0.29204156965847555,False,False,2.729729861119641e-07,160139,71070,12,9,Trend,Promotion,mean,0.9935710975930939
48,2019-07-07 00:00:00-2019-07-21 00:00:00,42.6,89.61,639,2017-03-05 00:00:00-2018-12-16 00:00:00,18.06,47.91,11775,1.0911901977309233,0.29339777134141853,False,False,1.2149563787356042e-20,160139,71070,12,9,Trend,Promotion,mean,0.9935710975930939
72,2019-09-01 00:00:00-2019-09-15 00:00:00,19.33,40.73,290,2017-03-05 00:00:00-2018-12-16 00:00:00,18.06,47.91,11775,1.0437851990741196,0.3140419425429988,False,False,1.2149563787356042e-20,160139,71070,12,9,Trend,Promotion,mean,0.9935710975930939
15,2019-05-12 00:00:00-2019-12-29 00:00:00,16.89,43.9,3919,2017-07-30 00:00:00-2017-08-13 00:00:00,37.27,79.73,559,-1.0246259276796783,0.32233555267624237,False,False,2.729729861119641e-07,160139,71070,12,9,Trend,Promotion,mean,0.9935710975930939
24,2019-03-17 00:00:00-2019-03-24 00:00:00,29.25,54.48,234,2017-03-05 00:00:00-2018-12-16 00:00:00,18.06,47.91,11775,1.044838055472309,0.3306706436556715,True,False,2.823111547056855e-21,160139,71070,12,9,Trend,Promotion,mean,0.9935710975930939
13,2019-05-12 00:00:00-2019-12-29 00:00:00,16.89,43.9,3919,2017-06-18 00:00:00-2017-07-02 00:00:00,28.73,61.08,431,-0.9923504518625683,0.33724064889180827,False,False,2.729729861119641e-07,160139,71070,12,9,Trend,Promotion,mean,0.9935710975930939
96,2019-12-22 00:00:00-2019-12-29 00:00:00,25.0,46.81,200,2017-03-05 00:00:00-2018-12-16 00:00:00,18.06,47.91,11775,1.0238234443717051,0.3398257956857625,True,False,2.823111547056855e-21,160139,71070,12,9,Trend,Promotion,mean,0.9935710975930939
23,2019-05-12 00:00:00-2019-12-29 00:00:00,16.89,43.9,3919,2018-12-09 00:00:00-2018-12-16 00:00:00,20.5,39.16,164,-0.9750234396751016,0.36157695346472785,False,False,7.466403023191152e-08,160139,71070,12,9,Trend,Promotion,mean,0.9935710975930939
84,2019-10-06 00:00:00-2019-11-03 00:00:00,18.21,42.33,528,2017-03-05 00:00:00-2018-12-16 00:00:00,18.06,47.91,11775,0.8592792672113863,0.3971672672252141,False,False,1.9976534312841998e-19,160139,71070,12,9,Trend,Promotion,mean,0.9935710975930939
94,2019-10-06 00:00:00-2019-11-03 00:00:00,18.21,42.33,528,2018-10-07 00:00:00-2018-10-21 00:00:00,22.8,47.36,342,-0.6454559117744444,0.5256066486956523,False,False,0.7033600779832025,160139,71070,12,9,Trend,Promotion,mean,0.9935710975930939
95,2019-10-06 00:00:00-2019-11-03 00:00:00,18.21,42.33,528,2018-12-09 00:00:00-2018-12-16 00:00:00,20.5,39.16,164,-0.6208475708867,0.5503714514972261,False,False,0.4201627576770608,160139,71070,12,9,Trend,Promotion,mean,0.9935710975930939
90,2019-10-06 00:00:00-2019-11-03 00:00:00,18.21,42.33,528,2018-06-03 00:00:00-2018-06-17 00:00:00,25.07,52.2,376,-0.5953097000776801,0.5578174458056882,False,False,0.7033600779832025,160139,71070,12,9,Trend,Promotion,mean,0.9935710975930939
91,2019-10-06 00:00:00-2019-11-03 00:00:00,18.21,42.33,528,2018-07-08 00:00:00-2018-07-22 00:00:00,44.87,93.42,673,-0.5877864663692515,0.562737779850471,False,False,0.7033600779832025,160139,71070,12,9,Trend,Promotion,mean,0.9935710975930939
93,2019-10-06 00:00:00-2019-11-03 00:00:00,18.21,42.33,528,2018-09-16 00:00:00-2018-09-30 00:00:00,26.13,54.48,392,-0.5708339093598497,0.5739194448259576,False,False,0.7033600779832025,160139,71070,12,9,Trend,Promotion,mean,0.9935710975930939
92,2019-10-06 00:00:00-2019-11-03 00:00:00,18.21,42.33,528,2018-07-29 00:00:00-2018-08-19 00:00:00,32.32,70.38,711,-0.554466355584605,0.5825719982171826,False,False,1.0,160139,71070,12,9,Trend,Promotion,mean,0.9935710975930939
86,2019-10-06 00:00:00-2019-11-03 00:00:00,18.21,42.33,528,2017-07-09 00:00:00-2017-07-23 00:00:00,34.4,72.0,516,-0.5536471000707129,0.585390103925369,False,False,0.7033600779832025,160139,71070,12,9,Trend,Promotion,mean,0.9935710975930939
89,2019-10-06 00:00:00-2019-11-03 00:00:00,18.21,42.33,528,2018-03-18 00:00:00-2018-04-01 00:00:00,21.8,45.57,327,-0.5517497121318385,0.5866545167435373,False,False,0.7033600779832025,160139,71070,12,9,Trend,Promotion,mean,0.9935710975930939
10,2019-03-03 00:00:00-2019-04-21 00:00:00,16.04,40.3,802,2018-10-07 00:00:00-2018-10-21 00:00:00,22.8,47.36,342,-0.5513185532573017,0.5875369155491994,False,False,0.31731050786291115,160139,71070,12,9,Trend,Promotion,mean,0.9935710975930939
11,2019-03-03 00:00:00-2019-04-21 00:00:00,16.04,40.3,802,2018-12-09 00:00:00-2018-12-16 00:00:00,20.5,39.16,164,-0.5479324947036953,0.5978134926526273,False,False,0.1621992341131464,160139,71070,12,9,Trend,Promotion,mean,0.9935710975930939
28,2019-03-17 00:00:00-2019-03-24 00:00:00,29.25,54.48,234,2017-11-12 00:00:00-2017-12-10 00:00:00,21.66,48.92,628,0.5376726899229249,0.6034385839884724,True,False,0.4201627576770608,160139,71070,12,9,Trend,Promotion,mean,0.9935710975930939
6,2019-03-03 00:00:00-2019-04-21 00:00:00,16.04,40.3,802,2018-06-03 00:00:00-2018-06-17 00:00:00,25.07,52.2,376,-0.49750075242394776,0.6241406104505769,False,False,0.31731050786291115,160139,71070,12,9,Trend,Promotion,mean,0.9935710975930939
100,2019-12-22 00:00:00-2019-12-29 00:00:00,25.0,46.81,200,2017-11-12 00:00:00-2017-12-10 00:00:00,21.66,48.92,628,0.5043269795575359,0.6256091190260087,True,False,0.4201627576770608,160139,71070,12,9,Trend,Promotion,mean,0.9935710975930939
7,2019-03-03 00:00:00-2019-04-21 00:00:00,16.04,40.3,802,2018-07-08 00:00:00-2018-07-22 00:00:00,44.87,93.42,673,-0.4893612195797625,0.6297688103167426,False,False,0.31731050786291115,160139,71070,12,9,Trend,Promotion,mean,0.9935710975930939
87,2019-10-06 00:00:00-2019-11-03 00:00:00,18.21,42.33,528,2017-07-30 00:00:00-2017-08-13 00:00:00,37.27,79.73,559,-0.47241438720065426,0.6411456590433096,False,False,0.7033600779832025,160139,71070,12,9,Trend,Promotion,mean,0.9935710975930939
9,2019-03-03 00:00:00-2019-04-21 00:00:00,16.04,40.3,802,2018-09-16 00:00:00-2018-09-30 00:00:00,26.13,54.48,392,-0.4711651249306236,0.6424445121371042,False,False,0.31731050786291115,160139,71070,12,9,Trend,Promotion,mean,0.9935710975930939
2,2019-03-03 00:00:00-2019-04-21 00:00:00,16.04,40.3,802,2017-07-09 00:00:00-2017-07-23 00:00:00,34.4,72.0,516,-0.4529959058896697,0.6552304099663895,False,False,0.31731050786291115,160139,71070,12,9,Trend,Promotion,mean,0.9935710975930939
5,2019-03-03 00:00:00-2019-04-21 00:00:00,16.04,40.3,802,2018-03-18 00:00:00-2018-04-01 00:00:00,21.8,45.57,327,-0.45082301523281476,0.6567601054301183,False,False,0.31731050786291115,160139,71070,12,9,Trend,Promotion,mean,0.9935710975930939
8,2019-03-03 00:00:00-2019-04-21 00:00:00,16.04,40.3,802,2018-07-29 00:00:00-2018-08-19 00:00:00,32.32,70.38,711,-0.43904963545301695,0.6632493289867178,False,False,0.5226910289896052,160139,71070,12,9,Trend,Promotion,mean,0.9935710975930939
25,2019-03-17 00:00:00-2019-03-24 00:00:00,29.25,54.48,234,2017-06-18 00:00:00-2017-07-02 00:00:00,28.73,61.08,431,0.42863392621286894,0.6760625456474636,True,False,1.0,160139,71070,12,9,Trend,Promotion,mean,0.9935710975930939
85,2019-10-06 00:00:00-2019-11-03 00:00:00,18.21,42.33,528,2017-06-18 00:00:00-2017-07-02 00:00:00,28.73,61.08,431,-0.41517773487608517,0.6817549885939264,False,False,0.7033600779832025,160139,71070,12,9,Trend,Promotion,mean,0.9935710975930939
97,2019-12-22 00:00:00-2019-12-29 00:00:00,25.0,46.81,200,2017-06-18 00:00:00-2017-07-02 00:00:00,28.73,61.08,431,0.39447719167616774,0.7002562684563385,True,False,1.0,160139,71070,12,9,Trend,Promotion,mean,0.9935710975930939
32,2019-03-17 00:00:00-2019-03-24 00:00:00,29.25,54.48,234,2018-07-29 00:00:00-2018-08-19 00:00:00,32.32,70.38,711,0.38221470341613095,0.7097091404286875,True,False,0.6604458513233891,160139,71070,12,9,Trend,Promotion,mean,0.9935710975930939
27,2019-03-17 00:00:00-2019-03-24 00:00:00,29.25,54.48,234,2017-07-30 00:00:00-2017-08-13 00:00:00,37.27,79.73,559,0.37973706030159676,0.7107356026428961,True,False,1.0,160139,71070,12,9,Trend,Promotion,mean,0.9935710975930939
47,2019-04-07 00:00:00-2019-04-28 00:00:00,21.36,46.94,470,2018-12-09 00:00:00-2018-12-16 00:00:00,20.5,39.16,164,-0.37979269694030016,0.7115707578924337,False,False,0.6604458513233891,160139,71070,12,9,Trend,Promotion,mean,0.9935710975930939
3,2019-03-03 00:00:00-2019-04-21 00:00:00,16.04,40.3,802,2017-07-30 00:00:00-2017-08-13 00:00:00,37.27,79.73,559,-0.36726541999111906,0.7170258205034119,False,False,0.31731050786291115,160139,71070,12,9,Trend,Promotion,mean,0.9935710975930939
88,2019-10-06 00:00:00-2019-11-03 00:00:00,18.21,42.33,528,2017-11-12 00:00:00-2017-12-10 00:00:00,21.66,48.92,628,-0.3599955142418377,0.7202519833055614,False,False,1.0,160139,71070,12,9,Trend,Promotion,mean,0.9935710975930939
104,2019-12-22 00:00:00-2019-12-29 00:00:00,25.0,46.81,200,2018-07-29 00:00:00-2018-08-19 00:00:00,32.32,70.38,711,0.3464165338476052,0.7355476511164608,True,False,0.6604458513233891,160139,71070,12,9,Trend,Promotion,mean,0.9935710975930939
99,2019-12-22 00:00:00-2019-12-29 00:00:00,25.0,46.81,200,2017-07-30 00:00:00-2017-08-13 00:00:00,37.27,79.73,559,0.34495922910939164,0.7359314068471252,True,False,1.0,160139,71070,12,9,Trend,Promotion,mean,0.9935710975930939
46,2019-04-07 00:00:00-2019-04-28 00:00:00,21.36,46.94,470,2018-10-07 00:00:00-2018-10-21 00:00:00,22.8,47.36,342,-0.32330359536510295,0.7490040793670123,False,False,1.0,160139,71070,12,9,Trend,Promotion,mean,0.9935710975930939
29,2019-03-17 00:00:00-2019-03-24 00:00:00,29.25,54.48,234,2018-03-18 00:00:00-2018-04-01 00:00:00,21.8,45.57,327,0.32178000020493464,0.752970529979914,True,False,1.0,160139,71070,12,9,Trend,Promotion,mean,0.9935710975930939
26,2019-03-17 00:00:00-2019-03-24 00:00:00,29.25,54.48,234,2017-07-09 00:00:00-2017-07-23 00:00:00,34.4,72.0,516,0.31953333281273266,0.754618719404706,True,False,1.0,160139,71070,12,9,Trend,Promotion,mean,0.9935710975930939
1,2019-03-03 00:00:00-2019-04-21 00:00:00,16.04,40.3,802,2017-06-18 00:00:00-2017-07-02 00:00:00,28.73,61.08,431,-0.30454277916739086,0.7635380680923727,False,False,0.31731050786291115,160139,71070,12,9,Trend,Promotion,mean,0.9935710975930939
33,2019-03-17 00:00:00-2019-03-24 00:00:00,29.25,54.48,234,2018-09-16 00:00:00-2018-09-30 00:00:00,26.13,54.48,392,0.30621871058150646,0.7644604114028313,True,False,1.0,160139,71070,12,9,Trend,Promotion,mean,0.9935710975930939
52,2019-07-07 00:00:00-2019-07-21 00:00:00,42.6,89.61,639,2017-11-12 00:00:00-2017-12-10 00:00:00,21.66,48.92,628,0.30096880472027315,0.7659165816646596,False,False,0.7033600779832025,160139,71070,12,9,Trend,Promotion,mean,0.9935710975930939
31,2019-03-17 00:00:00-2019-03-24 00:00:00,29.25,54.48,234,2018-07-08 00:00:00-2018-07-22 00:00:00,44.87,93.42,673,0.2915350290405677,0.7753565143669241,True,False,1.0,160139,71070,12,9,Trend,Promotion,mean,0.9935710975930939
101,2019-12-22 00:00:00-2019-12-29 00:00:00,25.0,46.81,200,2018-03-18 00:00:00-2018-04-01 00:00:00,21.8,45.57,327,0.28612348754954775,0.7793953350603413,True,False,1.0,160139,71070,12,9,Trend,Promotion,mean,0.9935710975930939
71,2019-07-28 00:00:00-2019-08-18 00:00:00,25.14,54.85,553,2018-12-09 00:00:00-2018-12-16 00:00:00,20.5,39.16,164,-0.28557388553506236,0.7803613342074558,False,False,0.6604458513233891,160139,71070,12,9,Trend,Promotion,mean,0.9935710975930939
30,2019-03-17 00:00:00-2019-03-24 00:00:00,29.25,54.48,234,2018-06-03 00:00:00-2018-06-17 00:00:00,25.07,52.2,376,0.2846047116975788,0.7805163446106708,True,False,1.0,160139,71070,12,9,Trend,Promotion,mean,0.9935710975930939
98,2019-12-22 00:00:00-2019-12-29 00:00:00,25.0,46.81,200,2017-07-09 00:00:00-2017-07-23 00:00:00,34.4,72.0,516,0.2838600806036969,0.7810780439062879,True,False,1.0,160139,71070,12,9,Trend,Promotion,mean,0.9935710975930939
105,2019-12-22 00:00:00-2019-12-29 00:00:00,25.0,46.81,200,2018-09-16 00:00:00-2018-09-30 00:00:00,26.13,54.48,392,0.27036028718907007,0.7911810658740037,True,False,1.0,160139,71070,12,9,Trend,Promotion,mean,0.9935710975930939
42,2019-04-07 00:00:00-2019-04-28 00:00:00,21.36,46.94,470,2018-06-03 00:00:00-2018-06-17 00:00:00,25.07,52.2,376,-0.2673714580457724,0.791193570035687,False,False,1.0,160139,71070,12,9,Trend,Promotion,mean,0.9935710975930939
43,2019-04-07 00:00:00-2019-04-28 00:00:00,21.36,46.94,470,2018-07-08 00:00:00-2018-07-22 00:00:00,44.87,93.42,673,-0.2588266531144779,0.7977017180316921,False,False,1.0,160139,71070,12,9,Trend,Promotion,mean,0.9935710975930939
103,2019-12-22 00:00:00-2019-12-29 00:00:00,25.0,46.81,200,2018-07-08 00:00:00-2018-07-22 00:00:00,44.87,93.42,673,0.25550311251424274,0.8023396176020801,True,False,1.0,160139,71070,12,9,Trend,Promotion,mean,0.9935710975930939
102,2019-12-22 00:00:00-2019-12-29 00:00:00,25.0,46.81,200,2018-06-03 00:00:00-2018-06-17 00:00:00,25.07,52.2,376,0.24849869814658254,0.8076161276385547,True,False,1.0,160139,71070,12,9,Trend,Promotion,mean,0.9935710975930939
45,2019-04-07 00:00:00-2019-04-28 00:00:00,21.36,46.94,470,2018-09-16 00:00:00-2018-09-30 00:00:00,26.13,54.48,392,-0.24016405173787111,0.8119722235524723,False,False,1.0,160139,71070,12,9,Trend,Promotion,mean,0.9935710975930939
83,2019-09-01 00:00:00-2019-09-15 00:00:00,19.33,40.73,290,2018-12-09 00:00:00-2018-12-16 00:00:00,20.5,39.16,164,-0.24085573750992628,0.8134263622856023,False,False,1.0,160139,71070,12,9,Trend,Promotion,mean,0.9935710975930939
34,2019-03-17 00:00:00-2019-03-24 00:00:00,29.25,54.48,234,2018-10-07 00:00:00-2018-10-21 00:00:00,22.8,47.36,342,0.2392575701036602,0.81458421194298,True,False,1.0,160139,71070,12,9,Trend,Promotion,mean,0.9935710975930939
38,2019-04-07 00:00:00-2019-04-28 00:00:00,21.36,46.94,470,2017-07-09 00:00:00-2017-07-23 00:00:00,34.4,72.0,516,-0.22230061194313316,0.8257007002009338,False,False,1.0,160139,71070,12,9,Trend,Promotion,mean,0.9935710975930939
76,2019-09-01 00:00:00-2019-09-15 00:00:00,19.33,40.73,290,2017-11-12 00:00:00-2017-12-10 00:00:00,21.66,48.92,628,0.2200438838887508,0.8275314334967216,False,False,0.7033600779832025,160139,71070,12,9,Trend,Promotion,mean,0.9935710975930939
41,2019-04-07 00:00:00-2019-04-28 00:00:00,21.36,46.94,470,2018-03-18 00:00:00-2018-04-01 00:00:00,21.8,45.57,327,-0.2197620840033979,0.8276540821347681,False,False,1.0,160139,71070,12,9,Trend,Promotion,mean,0.9935710975930939
4,2019-03-03 00:00:00-2019-04-21 00:00:00,16.04,40.3,802,2017-11-12 00:00:00-2017-12-10 00:00:00,21.66,48.92,628,-0.21860335696250024,0.8277278866940095,False,False,0.7582887584332108,160139,71070,12,9,Trend,Promotion,mean,0.9935710975930939
70,2019-07-28 00:00:00-2019-08-18 00:00:00,25.14,54.85,553,2018-10-07 00:00:00-2018-10-21 00:00:00,22.8,47.36,342,-0.20336583518011217,0.8403091768585502,False,False,1.0,160139,71070,12,9,Trend,Promotion,mean,0.9935710975930939
106,2019-12-22 00:00:00-2019-12-29 00:00:00,25.0,46.81,200,2018-10-07 00:00:00-2018-10-21 00:00:00,22.8,47.36,342,0.20266324178907616,0.8424201657739782,True,False,1.0,160139,71070,12,9,Trend,Promotion,mean,0.9935710975930939
64,2019-07-28 00:00:00-2019-08-18 00:00:00,25.14,54.85,553,2017-11-12 00:00:00-2017-12-10 00:00:00,21.66,48.92,628,0.19492090396390493,0.8463705525680952,False,False,1.0,160139,71070,12,9,Trend,Promotion,mean,0.9935710975930939
59,2019-07-07 00:00:00-2019-07-21 00:00:00,42.6,89.61,639,2018-12-09 00:00:00-2018-12-16 00:00:00,20.5,39.16,164,-0.17670529490922016,0.8623331099058705,False,False,1.0,160139,71070,12,9,Trend,Promotion,mean,0.9935710975930939
44,2019-04-07 00:00:00-2019-04-28 00:00:00,21.36,46.94,470,2018-07-29 00:00:00-2018-08-19 00:00:00,32.32,70.38,711,-0.17297165174806914,0.8635137611765858,False,False,1.0,160139,71070,12,9,Trend,Promotion,mean,0.9935710975930939
49,2019-07-07 00:00:00-2019-07-21 00:00:00,42.6,89.61,639,2017-06-18 00:00:00-2017-07-02 00:00:00,28.73,61.08,431,0.16336361601866997,0.8714211152927611,False,False,1.0,160139,71070,12,9,Trend,Promotion,mean,0.9935710975930939
82,2019-09-01 00:00:00-2019-09-15 00:00:00,19.33,40.73,290,2018-10-07 00:00:00-2018-10-21 00:00:00,22.8,47.36,342,-0.15015140828244883,0.8817323589148889,False,False,1.0,160139,71070,12,9,Trend,Promotion,mean,0.9935710975930939
66,2019-07-28 00:00:00-2019-08-18 00:00:00,25.14,54.85,553,2018-06-03 00:00:00-2018-06-17 00:00:00,25.07,52.2,376,-0.14583693595631073,0.8850581928312413,False,False,1.0,160139,71070,12,9,Trend,Promotion,mean,0.9935710975930939
39,2019-04-07 00:00:00-2019-04-28 00:00:00,21.36,46.94,470,2017-07-30 00:00:00-2017-08-13 00:00:00,37.27,79.73,559,-0.13928121076748748,0.8902019228943328,False,False,1.0,160139,71070,12,9,Trend,Promotion,mean,0.9935710975930939
67,2019-07-28 00:00:00-2019-08-18 00:00:00,25.14,54.85,553,2018-07-08 00:00:00-2018-07-22 00:00:00,44.87,93.42,673,-0.13701230615708115,0.8919625515919366,False,False,1.0,160139,71070,12,9,Trend,Promotion,mean,0.9935710975930939
69,2019-07-28 00:00:00-2019-08-18 00:00:00,25.14,54.85,553,2018-09-16 00:00:00-2018-09-30 00:00:00,26.13,54.48,392,-0.11789316859161408,0.9069532770287617,False,False,1.0,160139,71070,12,9,Trend,Promotion,mean,0.9935710975930939
12,2019-05-12 00:00:00-2019-12-29 00:00:00,16.89,43.9,3919,2017-03-05 00:00:00-2018-12-16 00:00:00,18.06,47.91,11775,-0.11351841151266577,0.9096735065569294,False,False,1.3819947523687568e-07,160139,71070,12,9,Trend,Promotion,mean,0.9935710975930939
35,2019-03-17 00:00:00-2019-03-24 00:00:00,29.25,54.48,234,2018-12-09 00:00:00-2018-12-16 00:00:00,20.5,39.16,164,0.11500306207909747,0.9100870162175068,True,False,1.0,160139,71070,12,9,Trend,Promotion,mean,0.9935710975930939
51,2019-07-07 00:00:00-2019-07-21 00:00:00,42.6,89.61,639,2017-07-30 00:00:00-2017-08-13 00:00:00,37.27,79.73,559,0.10162041425298657,0.9197849555465479,False,False,1.0,160139,71070,12,9,Trend,Promotion,mean,0.9935710975930939
62,2019-07-28 00:00:00-2019-08-18 00:00:00,25.14,54.85,553,2017-07-09 00:00:00-2017-07-23 00:00:00,34.4,72.0,516,-0.09987234903427948,0.9211187414888486,False,False,1.0,160139,71070,12,9,Trend,Promotion,mean,0.9935710975930939
65,2019-07-28 00:00:00-2019-08-18 00:00:00,25.14,54.85,553,2018-03-18 00:00:00-2018-04-01 00:00:00,21.8,45.57,327,-0.09715536604617608,0.9232561236526016,False,False,1.0,160139,71070,12,9,Trend,Promotion,mean,0.9935710975930939
78,2019-09-01 00:00:00-2019-09-15 00:00:00,19.33,40.73,290,2018-06-03 00:00:00-2018-06-17 00:00:00,25.07,52.2,376,-0.09553220622870552,0.9245751171502495,False,False,1.0,160139,71070,12,9,Trend,Promotion,mean,0.9935710975930939
56,2019-07-07 00:00:00-2019-07-21 00:00:00,42.6,89.61,639,2018-07-29 00:00:00-2018-08-19 00:00:00,32.32,70.38,711,0.09232054495242399,0.9270658226099071,False,False,1.0,160139,71070,12,9,Trend,Promotion,mean,0.9935710975930939
79,2019-09-01 00:00:00-2019-09-15 00:00:00,19.33,40.73,290,2018-07-08 00:00:00-2018-07-22 00:00:00,44.87,93.42,673,-0.08716862753040562,0.9311597493641337,False,False,1.0,160139,71070,12,9,Trend,Promotion,mean,0.9935710975930939
73,2019-09-01 00:00:00-2019-09-15 00:00:00,19.33,40.73,290,2017-06-18 00:00:00-2017-07-02 00:00:00,28.73,61.08,431,0.08709004592375423,0.9312218820735969,False,False,1.0,160139,71070,12,9,Trend,Promotion,mean,0.9935710975930939
107,2019-12-22 00:00:00-2019-12-29 00:00:00,25.0,46.81,200,2018-12-09 00:00:00-2018-12-16 00:00:00,20.5,39.16,164,0.08057494900167383,0.9369240671972119,True,False,1.0,160139,71070,12,9,Trend,Promotion,mean,0.9935710975930939
37,2019-04-07 00:00:00-2019-04-28 00:00:00,21.36,46.94,470,2017-06-18 00:00:00-2017-07-02 00:00:00,28.73,61.08,431,-0.07478227256567622,0.9408877953765438,False,False,1.0,160139,71070,12,9,Trend,Promotion,mean,0.9935710975930939
58,2019-07-07 00:00:00-2019-07-21 00:00:00,42.6,89.61,639,2018-10-07 00:00:00-2018-10-21 00:00:00,22.8,47.36,342,-0.07306364567168144,0.942275877488058,False,False,1.0,160139,71070,12,9,Trend,Promotion,mean,0.9935710975930939
81,2019-09-01 00:00:00-2019-09-15 00:00:00,19.33,40.73,290,2018-09-16 00:00:00-2018-09-30 00:00:00,26.13,54.48,392,-0.06913323976378716,0.9453758033145291,False,False,1.0,160139,71070,12,9,Trend,Promotion,mean,0.9935710975930939
40,2019-04-07 00:00:00-2019-04-28 00:00:00,21.36,46.94,470,2017-11-12 00:00:00-2017-12-10 00:00:00,21.66,48.92,628,0.05280900980074305,0.9581166113373215,False,False,1.0,160139,71070,12,9,Trend,Promotion,mean,0.9935710975930939
74,2019-09-01 00:00:00-2019-09-15 00:00:00,19.33,40.73,290,2017-07-09 00:00:00-2017-07-23 00:00:00,34.4,72.0,516,-0.052263688687560164,0.958690090787162,False,False,1.0,160139,71070,12,9,Trend,Promotion,mean,0.9935710975930939
61,2019-07-28 00:00:00-2019-08-18 00:00:00,25.14,54.85,553,2017-06-18 00:00:00-2017-07-02 00:00:00,28.73,61.08,431,0.04982998512244959,0.9605729486191676,False,False,1.0,160139,71070,12,9,Trend,Promotion,mean,0.9935710975930939
77,2019-09-01 00:00:00-2019-09-15 00:00:00,19.33,40.73,290,2018-03-18 00:00:00-2018-04-01 00:00:00,21.8,45.57,327,-0.049667425737020356,0.960740346066034,False,False,1.0,160139,71070,12,9,Trend,Promotion,mean,0.9935710975930939
68,2019-07-28 00:00:00-2019-08-18 00:00:00,25.14,54.85,553,2018-07-29 00:00:00-2018-08-19 00:00:00,32.32,70.38,711,-0.037052258352203264,0.9706189795257099,False,False,1.0,160139,71070,12,9,Trend,Promotion,mean,0.9935710975930939
53,2019-07-07 00:00:00-2019-07-21 00:00:00,42.6,89.61,639,2018-03-18 00:00:00-2018-04-01 00:00:00,21.8,45.57,327,0.027513305379994343,0.978245636294846,False,False,1.0,160139,71070,12,9,Trend,Promotion,mean,0.9935710975930939
75,2019-09-01 00:00:00-2019-09-15 00:00:00,19.33,40.73,290,2017-07-30 00:00:00-2017-08-13 00:00:00,37.27,79.73,559,0.025330051987029586,0.9799713734473231,False,False,1.0,160139,71070,12,9,Trend,Promotion,mean,0.9935710975930939
50,2019-07-07 00:00:00-2019-07-21 00:00:00,42.6,89.61,639,2017-07-09 00:00:00-2017-07-23 00:00:00,34.4,72.0,516,0.024866017640020974,0.9803383077133316,False,False,1.0,160139,71070,12,9,Trend,Promotion,mean,0.9935710975930939
54,2019-07-07 00:00:00-2019-07-21 00:00:00,42.6,89.61,639,2018-06-03 00:00:00-2018-06-17 00:00:00,25.07,52.2,376,-0.01830053877692252,0.9855288860933931,False,False,1.0,160139,71070,12,9,Trend,Promotion,mean,0.9935710975930939
63,2019-07-28 00:00:00-2019-08-18 00:00:00,25.14,54.85,553,2017-07-30 00:00:00-2017-08-13 00:00:00,37.27,79.73,559,-0.016529294148530608,0.9869201819761959,False,False,1.0,160139,71070,12,9,Trend,Promotion,mean,0.9935710975930939
80,2019-09-01 00:00:00-2019-09-15 00:00:00,19.33,40.73,290,2018-07-29 00:00:00-2018-08-19 00:00:00,32.32,70.38,711,0.010103963686972908,0.9920036014318578,False,False,1.0,160139,71070,12,9,Trend,Promotion,mean,0.9935710975930939
55,2019-07-07 00:00:00-2019-07-21 00:00:00,42.6,89.61,639,2018-07-08 00:00:00-2018-07-22 00:00:00,44.87,93.42,673,-0.009903436068617698,0.9921685572239303,False,False,1.0,160139,71070,12,9,Trend,Promotion,mean,0.9935710975930939
57,2019-07-07 00:00:00-2019-07-21 00:00:00,42.6,89.61,639,2018-09-16 00:00:00-2018-09-30 00:00:00,26.13,54.48,392,0.008129792030920758,0.9935710975930939,False,False,1.0,160139,71070,12,9,Trend,Promotion,mean,0.9935710975930939
